Train Set 	 Validation Set 
0.3333932754632016 	 0.029257122249830337 
0.012648836443578221 	 0.007477825829049661 
0.0006186361853626105 	 0.00031240661822569865 
0.00045127142737486976 	 0.00014777006470553932 
0.00011834484050978581 	 7.72813322588003e-05 
0.03189768127739136 	 0.0005324117775585149 
0.0004478775189450039 	 0.00017088927034776481 
0.00032206230318732233 	 0.000525164474744261 
0.0004968527635544617 	 0.0017745879664462767 
0.00019192662535834332 	 0.00022543067929551138 
