Train Set 	 Validation Set 
0.517026845833764 	 0.28525201337678097 
0.15896001882489205 	 0.15928920358419416 
0.04438333342497669 	 0.02160922499994437 
0.012658293302821462 	 0.012957063215296893 
0.0012501961363626138 	 0.005459990064125686 
0.0008263205842253828 	 0.0055310957000723904 
0.003035999605753125 	 9.955855958174826e-05 
0.0002148150019295018 	 3.5912550152889226e-05 
0.00037879860308450325 	 3.905852680050191e-05 
5.8027531944255875e-05 	 2.132513496430225e-05 
