Train Set 	 Validation Set 
0.4191559421642457 	 0.3644303583504121 
0.08656756147829038 	 0.04298792012424426 
0.057556757702680636 	 0.0030518817776590255 
0.00162210673613203 	 0.0007045803034082561 
0.0006845936307229996 	 0.00035714919841478744 
0.00034407447689865293 	 0.00022108397286072743 
0.013849243480164537 	 0.0011056706799266018 
0.000745377869936489 	 0.0004188532987503914 
0.000381145654683755 	 0.00021475252152638102 
0.0004895720282483206 	 0.00023979102493667146 
