Train Set 	 Validation Set 
0.521978321932594 	 0.12853981776440399 
0.04138911664786053 	 0.013290931516928029 
0.005589478989183334 	 0.0027518774059118963 
0.03550582977099962 	 0.02357067284009135 
0.0017624351956618033 	 0.00041348098262034835 
0.000673487952411876 	 0.0009753898501145185 
0.0003545731385210331 	 0.0001277048056136077 
0.00028082816960634275 	 0.0004336047671563554 
0.00019740746718806046 	 7.246268053657987e-05 
0.00044386997563196573 	 0.00010723824978555081 
