Train Set 	 Validation Set 
0.32492681027713866 	 0.44177948158073865 
0.011324357948222667 	 0.00018856687790158786 
0.00026030547340727595 	 5.289241040649225e-05 
0.006017047223474781 	 5.43644968019017e-05 
7.151958332319413e-05 	 2.753770225966463e-05 
0.001813513026625136 	 7.037817455127061e-05 
0.00011780440749845233 	 9.597403730124304e-05 
0.0012287361493735023 	 7.882030074148865e-05 
0.0001514567388336764 	 1.3477478857160608e-05 
7.170780308066529e-05 	 9.737611631334862e-06 
