Train Set 	 Validation Set 
0.5323953582690313 	 0.2978711118300756 
0.17851210508868964 	 0.2607067704200745 
0.09055918267556835 	 0.10593936815857888 
0.02155485483524682 	 0.01448784687866767 
0.009506646680508882 	 0.0018154406764854989 
0.0030240127659404963 	 0.0010045025594687712 
0.0008705552907672541 	 6.346675557627653e-05 
0.0002268196686644797 	 5.762664780680401e-05 
0.0010121172161187788 	 0.00011288904594645524 
0.00023938143418397379 	 4.555878513201606e-05 
