Train Set 	 Validation Set 
0.5627843413620534 	 0.17934929969764893 
0.05752927949008573 	 0.0004947498119214461 
0.0002466306158410108 	 0.00010717958398994859 
8.429789197981406e-05 	 5.246506234037779e-05 
0.018105893262509512 	 0.00018599425190283608 
0.00026047144595485244 	 9.314670959221464e-05 
0.0001012877772191314 	 4.740789396843562e-05 
6.549887675920676e-05 	 3.8289627939645606e-05 
3.998910049469891e-05 	 2.4219407957086027e-05 
2.8741928730797662e-05 	 1.7868899097569134e-05 
