Train Set 	 Validation Set 
0.5134001438142466 	 0.2324165261927105 
0.14701556078652847 	 0.10819070662061377 
0.02649045851583933 	 0.0019565652058060683 
0.0012210887157509548 	 0.0005358400507940955 
0.01582326694747349 	 0.002850210005860953 
0.0012230779123500344 	 0.0004962305275035933 
0.00037441609335292633 	 0.00021288245348148932 
0.0008178748604974131 	 0.0002825880094730694 
0.0003892545136108286 	 0.00011285937008714039 
0.00010633723683759779 	 7.225089073125717e-05 
