Train Set 	 Validation Set 
0.5934713501826402 	 2.745642667724973 
0.16723665050925124 	 1.534681294645582 
0.1145352489584854 	 0.20651553429308395 
0.08682567550109666 	 0.2465521526478586 
0.045561386000870424 	 0.1313013994977588 
0.017584886667092438 	 0.09367641185720763 
0.005665287397290193 	 0.15719698138889812 
0.004307467198713839 	 0.01843880059286242 
0.0015160055640754187 	 0.16265938998687837 
0.0026506432883950013 	 0.004763368863634587 
