Train Set 	 Validation Set 
0.6682672487631115 	 2.7024323088782176 
0.10584099845995061 	 0.015449907231543747 
0.010252769278296875 	 0.0028909181710332623 
0.0017737596252093864 	 0.015579300333878821 
0.04649483007449081 	 0.026578207943765888 
0.001205071369326443 	 0.0004655471933628654 
0.0004973472415826824 	 0.0004047459681584898 
0.003254625977678428 	 0.00032869419512627205 
0.0003029574262574192 	 0.00029732609982602304 
0.003023936511996285 	 0.000504473307436066 
