Train Set 	 Validation Set 
0.33484516941078474 	 0.03156508854094973 
0.043318740359984884 	 0.0026205094656675844 
0.0011850907117942457 	 0.0008240229085233087 
0.0006251014089225887 	 0.00023230316913323403 
0.0010378266067346343 	 0.0003239260577755247 
0.00034658903992769544 	 0.0001391210935511197 
0.0002873271375400748 	 0.0039016777304404075 
0.00022168783251170818 	 5.036711716340814e-05 
0.016585670643420893 	 0.010809346924516116 
0.000424276227457402 	 0.00011894919770003582 
