Train Set 	 Validation Set 
0.35430083994839046 	 0.19429799174586088 
0.012350961254885716 	 0.0017375637519549817 
0.0025226536735283604 	 0.006367676425725222 
0.00041115753994391764 	 9.164823240233943e-05 
8.497734768126225e-05 	 2.994389265589086e-05 
0.0021228097966750343 	 2.7916476738157006e-05 
0.00015909517180558643 	 1.7795874071530407e-05 
0.0031765429451023814 	 0.015841205399615543 
0.00017061857949052041 	 1.4585740819898704e-05 
0.0004989105870644245 	 0.03722041116033331 
